QueryNumber;DocNumber;DocVotes
1;139;1222
1;151;2211
1;166;0001
1;311;0001
1;370;1010
1;392;0001
1;439;0001
1;440;0011
1;441;2122
1;454;0100
1;461;1121
1;502;0002
1;503;1000
1;505;0001
1;520;1010
1;522;0001
1;526;1011
1;527;1001
1;533;2222
1;593;1000
1;619;0001
1;737;0100
1;742;0100
1;789;0001
1;827;0010
1;835;0001
1;861;0001
1;875;1121
1;891;0001
1;921;1010
1;922;1010
1;1175;0100
1;1185;0001
1;1222;0001
2;169;1000
2;434;1001
2;454;0100
2;498;1000
2;499;1000
2;592;0002
2;875;1011
3;23;1000
3;40;0010
3;139;2122
3;190;0001
3;221;0001
3;246;0001
3;309;1000
3;311;0011
3;325;0001
3;345;0010
3;347;0010
3;356;0010
3;370;1001
3;374;0001
3;375;2221
3;439;0001
3;440;1120
3;454;1220
3;515;1000
3;520;0010
3;524;0010
3;526;1010
3;527;1220
3;533;0001
3;535;0010
3;560;0010
3;561;0001
3;571;0010
3;584;0010
3;604;0002
3;623;0010
3;633;2222
3;733;1000
3;742;1010
3;854;0100
3;856;2112
3;950;0010
3;967;0001
3;1144;1111
3;1161;0001
3;1172;1000
3;1175;0001
3;1196;0002
4;503;0001
4;538;0100
4;539;0100
4;540;0100
4;553;0001
4;604;2222
4;669;1010
4;711;2122
4;876;2222
5;23;2220
5;47;2221
5;50;0001
5;60;0001
5;114;0011
5;132;0001
5;135;0001
5;139;0010
5;151;2222
5;169;0001
5;189;0001
5;190;0001
5;197;0001
5;200;0001
5;226;0001
5;256;2211
5;265;0010
5;297;0001
5;298;0001
5;299;0001
5;311;0001
5;312;0001
5;325;1011
5;333;0001
5;343;0002
5;347;0012
5;349;0001
5;369;0001
5;370;1211
5;371;0001
5;374;2222
5;386;1001
5;392;0001
5;410;0001
5;420;0001
5;427;0001
5;428;0001
5;430;1001
5;434;0001
5;437;0001
5;439;2222
5;440;0010
5;441;0001
5;450;0001
5;461;2120
5;465;1002
5;478;0001
5;496;2120
5;497;2121
5;498;1122
5;499;2122
5;500;1012
5;501;0100
5;502;0100
5;503;2221
5;505;0001
5;511;1101
5;513;0010
5;516;1010
5;520;1000
5;524;1010
5;531;0001
5;533;2211
5;549;0001
5;553;1001
5;559;0001
5;561;0010
5;568;0001
5;590;0001
5;592;1001
5;593;2222
5;604;0002
5;605;0100
5;633;2122
5;669;0010
5;701;0001
5;702;1000
5;710;2212
5;711;0002
5;722;0001
5;724;0002
5;729;0001
5;731;0002
5;733;0002
5;750;0100
5;761;0001
5;763;0001
5;772;0100
5;779;0001
5;788;0001
5;805;2211
5;843;0002
5;845;0001
5;856;2121
5;857;1000
5;861;1212
5;864;0001
5;867;0101
5;875;2222
5;876;0002
5;888;0002
5;889;0002
5;895;2210
5;925;0001
5;935;0001
5;943;0001
5;944;0001
5;975;2112
5;980;2120
5;982;0002
5;990;0002
5;1000;0002
5;1019;0001
5;1038;0001
5;1040;0001
5;1064;2220
5;1076;0001
5;1080;0001
5;1088;0001
5;1091;0001
5;1092;0002
5;1093;0002
5;1098;0001
5;1144;2111
5;1156;0001
5;1175;1120
5;1185;0001
5;1188;0001
5;1196;1000
5;1223;0001
5;1226;0001
6;25;0010
6;31;2222
6;90;1000
6;195;0100
6;326;0001
6;370;0110
6;438;0001
6;440;0010
6;441;1000
6;503;1220
6;511;0010
6;586;0001
6;592;1010
6;593;1000
6;722;0001
6;731;0001
6;734;0002
6;805;1000
6;875;1120
6;922;0010
6;963;1000
6;975;1010
6;1092;0001
6;1093;0002
7;45;0100
7;53;0001
7;166;0002
7;171;0001
7;256;0101
7;370;0001
7;371;2122
7;386;0001
7;410;0100
7;439;0101
7;535;0001
7;623;2121
7;633;0100
7;634;0100
7;640;0010
7;669;0010
7;831;0100
7;853;0100
7;856;2111
7;857;0100
7;921;0010
7;1027;0100
7;1054;1100
7;1056;0100
7;1057;0100
7;1059;0100
7;1064;1120
7;1161;0001
8;23;2112
8;169;1000
8;322;0100
8;370;1000
8;386;1000
8;435;0001
8;439;1100
8;463;0001
8;496;1000
8;497;0001
8;498;1000
8;499;1122
8;503;0001
8;605;0001
8;683;2220
8;710;1000
8;750;0010
8;771;1000
8;867;1000
8;875;0001
8;944;0001
8;1125;2220
9;165;1122
9;174;0001
9;362;0001
9;370;0001
9;414;2222
9;443;0100
9;794;2110
9;992;1010
9;1040;0001
9;1115;0102
10;30;2112
10;126;1001
10;157;2222
10;170;1112
10;296;1212
10;301;0001
10;322;0001
10;370;1100
10;413;2222
10;443;1120
10;581;2222
10;676;2122
10;715;0010
10;722;0001
10;728;1101
10;758;1000
10;782;1010
10;835;0010
10;878;2122
10;941;1000
10;1115;1222
10;1215;0010
10;1218;2122
10;1234;0001
10;1239;1101
11;36;0001
11;46;0001
11;96;2210
11;186;1000
11;301;1000
11;428;1002
11;518;2110
11;649;0010
11;652;0001
11;659;0010
11;772;1010
11;796;2222
11;798;2212
11;799;0010
11;835;1000
11;837;0001
11;908;1000
11;909;2222
11;991;2222
11;1119;0100
11;1178;1000
11;1226;0002
12;70;2212
12;181;0001
12;443;2120
12;466;2220
12;755;0010
12;918;1000
12;1115;0001
13;156;2112
13;301;1112
13;314;2222
13;322;1220
13;370;0100
13;443;1120
13;462;1010
13;522;0100
13;643;1000
13;695;1220
13;715;0010
13;719;0010
13;722;0001
13;763;0101
13;764;0001
13;791;2211
13;822;0001
13;900;0100
13;902;1101
13;978;1000
13;1017;0010
13;1033;0001
13;1097;0001
13;1124;0002
14;5;1100
14;89;0100
14;92;0001
14;131;2212
14;135;0001
14;150;2222
14;156;1000
14;203;0010
14;232;0010
14;233;1122
14;234;1121
14;291;0001
14;297;0001
14;314;1000
14;319;0010
14;344;2112
14;345;2210
14;356;0001
14;367;2210
14;370;1110
14;379;0001
14;405;2112
14;413;0001
14;417;1211
14;419;0002
14;421;0001
14;424;0001
14;462;2212
14;465;1102
14;492;1000
14;584;1001
14;602;1011
14;616;2120
14;635;2122
14;662;0100
14;695;0010
14;719;0011
14;777;1012
14;791;2122
14;809;0010
14;815;2222
14;852;2222
14;889;0001
14;899;2222
14;930;0002
14;941;1011
14;1000;0001
14;1008;2220
14;1013;0011
14;1100;2222
14;1117;2220
14;1124;2122
14;1135;1002
14;1206;1000
14;1234;1001
15;17;0001
15;59;2122
15;63;1000
15;72;0001
15;91;0001
15;95;0001
15;97;0001
15;98;0001
15;99;2112
15;135;0001
15;149;1011
15;174;2220
15;197;1001
15;204;2222
15;205;2212
15;226;0002
15;232;0100
15;238;0001
15;266;2222
15;297;0001
15;301;2122
15;322;2122
15;339;2212
15;350;0001
15;354;0001
15;355;2112
15;364;1112
15;370;2111
15;385;2222
15;398;0011
15;408;0100
15;410;1102
15;413;0100
15;414;0100
15;420;0001
15;422;2222
15;423;2221
15;424;0010
15;426;0001
15;434;0001
15;443;2222
15;474;1120
15;545;1212
15;549;2112
15;550;0001
15;601;2122
15;603;0011
15;611;0001
15;642;1010
15;643;0001
15;657;0001
15;673;0001
15;690;2121
15;700;2212
15;720;2222
15;722;1122
15;724;0001
15;725;1010
15;729;0001
15;731;0001
15;735;0001
15;747;1010
15;752;2212
15;763;1102
15;764;1001
15;767;0001
15;792;0010
15;794;1000
15;816;0001
15;822;0002
15;833;0001
15;837;0001
15;844;0002
15;853;1000
15;854;1101
15;857;1000
15;863;1001
15;870;2222
15;875;0001
15;888;0001
15;889;0001
15;900;1001
15;944;1002
15;990;0002
15;993;1000
15;994;1221
15;1000;1002
15;1013;1001
15;1016;1001
15;1027;0010
15;1033;0001
15;1040;0002
15;1093;0001
15;1098;0002
15;1115;0002
15;1162;0012
15;1184;2222
15;1187;0001
15;1192;2222
15;1195;0001
15;1226;0002
15;1232;0001
15;1234;0001
15;1235;2220
16;5;0001
16;10;0001
16;17;0001
16;36;0010
16;41;0110
16;46;1111
16;69;0002
16;72;0001
16;89;2222
16;92;0010
16;95;2222
16;97;1000
16;98;1000
16;126;0001
16;129;2120
16;130;0001
16;132;0001
16;134;1000
16;135;0012
16;148;0001
16;150;1000
16;168;0001
16;181;1011
16;182;2222
16;186;2122
16;189;0001
16;197;1000
16;202;1000
16;205;0001
16;212;0001
16;225;0001
16;226;0002
16;238;0011
16;240;2210
16;255;0001
16;288;0001
16;290;0001
16;292;0001
16;297;0001
16;298;1001
16;301;2222
16;314;2120
16;320;0001
16;322;1122
16;330;0001
16;331;0001
16;333;1001
16;350;0011
16;357;0001
16;359;0012
16;364;2112
16;370;2112
16;376;2220
16;386;0001
16;396;2222
16;398;1010
16;413;0001
16;421;1000
16;424;1012
16;428;1002
16;434;0010
16;443;2222
16;462;0010
16;466;1222
16;468;2121
16;472;0010
16;473;0001
16;475;2122
16;478;0011
16;489;0001
16;490;0001
16;510;0001
16;512;0010
16;518;1011
16;522;2110
16;550;0012
16;553;0001
16;559;0001
16;581;0001
16;582;1010
16;586;0001
16;594;2220
16;615;0001
16;616;0001
16;641;1012
16;642;1102
16;643;0011
16;649;2122
16;656;0001
16;657;1001
16;658;1001
16;659;2122
16;660;1001
16;662;1001
16;673;0001
16;676;0002
16;708;1000
16;709;1000
16;711;0001
16;715;0001
16;719;1001
16;722;1122
16;723;0001
16;724;0001
16;725;0001
16;727;1222
16;729;0001
16;730;0001
16;731;0002
16;735;0001
16;755;1011
16;756;1111
16;758;0001
16;762;0010
16;763;1102
16;764;0002
16;767;0001
16;770;1100
16;772;2122
16;783;1000
16;791;1001
16;797;0001
16;799;2222
16;809;1000
16;810;0001
16;816;0011
16;822;0002
16;834;2222
16;835;0001
16;837;0001
16;844;0002
16;867;0010
16;870;0001
16;872;2210
16;875;0001
16;882;0002
16;888;0002
16;889;0002
16;893;0001
16;896;1000
16;901;2210
16;902;1010
16;919;0001
16;928;1000
16;932;0001
16;935;1111
16;937;1001
16;938;0001
16;941;0001
16;943;0011
16;944;1001
16;970;0010
16;974;0010
16;984;1010
16;990;0001
16;991;1000
16;993;1122
16;994;0010
16;1000;1002
16;1002;1010
16;1016;1011
16;1017;2211
16;1023;0002
16;1033;0001
16;1037;0001
16;1051;1000
16;1066;0001
16;1076;0001
16;1080;0002
16;1098;0002
16;1101;0002
16;1115;0002
16;1135;0001
16;1154;1012
16;1158;0001
16;1189;0001
16;1192;1111
16;1226;1220
16;1232;0001
16;1234;1001
17;49;2122
17;89;2120
17;101;0010
17;128;0001
17;132;0001
17;135;0001
17;153;0002
17;189;0001
17;233;0010
17;238;0001
17;297;0001
17;298;0001
17;301;0002
17;330;0001
17;333;0001
17;357;1111
17;359;1102
17;370;0111
17;428;1002
17;443;1100
17;450;0010
17;506;0010
17;643;0011
17;660;0010
17;662;2120
17;688;2221
17;722;0001
17;729;0001
17;730;0011
17;731;0002
17;735;0002
17;791;1122
17;810;2112
17;816;0012
17;837;0001
17;839;0001
17;845;0001
17;882;0002
17;889;0002
17;897;1000
17;937;0001
17;938;0001
17;941;1001
17;944;1001
17;1000;0001
17;1023;0001
17;1040;0001
17;1069;0001
17;1080;0001
17;1088;0002
17;1101;2221
17;1103;1120
17;1115;0001
17;1187;0001
17;1234;0001
18;129;2122
18;153;0001
18;205;2120
18;226;0002
18;364;0100
18;370;1010
18;414;0002
18;424;1110
18;443;0010
18;642;1000
18;656;1001
18;657;1010
18;658;1010
18;660;1010
18;725;1110
18;816;1000
18;935;1010
18;993;1110
18;994;1000
18;1016;2110
18;1162;1100
19;21;2220
19;49;0001
19;359;1011
19;370;1100
19;398;0001
19;432;2121
19;455;0010
19;487;2222
19;506;2222
19;618;2222
19;626;2222
19;672;2212
19;688;2222
19;693;2222
19;897;2222
19;936;0010
19;944;0001
19;1000;0001
19;1049;2221
19;1103;2222
19;1129;0001
19;1205;0001
20;126;2112
20;133;0002
20;153;0002
20;181;0010
20;207;2122
20;208;2122
20;220;2221
20;278;2111
20;283;1100
20;286;2111
20;287;2111
20;288;1100
20;290;2111
20;292;2111
20;370;0110
20;443;0010
20;538;2122
20;539;2111
20;540;2222
20;544;2111
20;604;0100
20;643;0001
20;711;1210
20;715;1011
20;731;0001
20;758;2222
20;767;0100
20;791;0001
20;823;2222
20;824;1001
20;882;0002
20;919;1000
20;924;2222
20;928;1000
20;944;0001
20;962;2222
20;970;1001
20;1066;2222
20;1080;0010
20;1115;2222
20;1168;2222
20;1189;0001
20;1213;2222
20;1215;2222
20;1234;1001
20;1239;1120
21;68;2112
21;97;0002
21;98;0012
21;181;0001
21;251;2112
21;413;0001
21;416;0001
21;434;0001
21;443;0002
21;551;0100
21;615;0001
21;676;0001
21;708;2122
21;709;2222
21;719;1100
21;722;0001
21;751;0001
21;756;0010
21;757;0100
21;932;0001
21;941;1101
21;1098;0002
21;1115;1122
21;1158;2221
21;1189;0001
22;13;2222
22;39;0012
22;67;0001
22;69;0001
22;104;0001
22;130;2222
22;189;0001
22;197;0001
22;221;0001
22;226;0001
22;237;0101
22;247;0010
22;258;2221
22;262;2112
22;276;2222
22;322;0001
22;325;0001
22;333;0001
22;342;0110
22;343;0101
22;350;0100
22;365;0001
22;370;1012
22;392;0001
22;431;1121
22;464;0001
22;465;0001
22;473;1121
22;478;1121
22;503;1101
22;510;0101
22;512;0110
22;514;1001
22;586;0001
22;590;0011
22;654;0101
22;671;1101
22;682;0001
22;692;2222
22;704;2111
22;713;0001
22;729;0001
22;731;0002
22;735;0001
22;764;1212
22;774;0101
22;788;1011
22;843;0102
22;845;0002
22;871;1001
22;880;1012
22;881;0102
22;882;0002
22;888;0002
22;898;2212
22;908;1111
22;942;0001
22;946;0001
22;968;0100
22;1000;0002
22;1033;0001
22;1040;0001
22;1083;1122
22;1093;0001
22;1114;1002
22;1144;0100
22;1156;1111
22;1166;0110
22;1194;1121
22;1195;0001
23;9;2221
23;10;2122
23;11;1100
23;12;2212
23;34;2222
23;42;2222
23;99;1112
23;162;1000
23;163;0001
23;167;1000
23;198;1000
23;248;1000
23;285;0010
23;322;0101
23;350;1001
23;370;1002
23;426;2122
23;434;1212
23;464;1000
23;509;2222
23;541;2222
23;582;0002
23;583;1000
23;598;0002
23;716;1002
23;780;1000
23;859;2120
23;883;0001
23;888;1002
23;979;2222
23;984;0002
23;1096;0011
23;1114;2222
23;1156;0010
23;1163;1000
24;32;1100
24;72;0001
24;199;0001
24;207;0001
24;210;2220
24;240;0001
24;254;2111
24;331;0001
24;370;1000
24;377;0001
24;411;0001
24;477;0001
24;492;0001
24;522;0001
24;552;0002
24;559;0010
24;611;1001
24;647;2222
24;677;0001
24;724;0002
24;763;0001
24;858;0001
24;913;2222
24;915;2211
24;926;2121
24;934;0001
24;1000;0001
24;1031;1011
24;1109;2222
24;1195;1121
24;1232;0001
25;72;2112
25;74;2110
25;83;0111
25;84;0011
25;106;1012
25;112;0001
25;120;0102
25;141;0001
25;162;1001
25;172;0001
25;198;1012
25;221;0001
25;276;0001
25;370;1010
25;390;0010
25;392;0001
25;411;2111
25;415;1000
25;425;0001
25;431;2222
25;432;0002
25;464;0010
25;465;1102
25;503;1121
25;505;0001
25;530;0001
25;550;0001
25;559;0001
25;566;1000
25;568;1000
25;569;1011
25;622;0001
25;647;2122
25;855;0001
25;858;2111
25;875;0001
25;880;0002
25;881;1002
25;891;0001
25;913;2222
25;915;0001
25;926;2121
25;949;0001
25;977;1000
25;1027;0001
25;1031;1000
25;1083;0001
25;1156;0110
25;1194;1121
25;1195;1112
25;1210;0001
26;74;0110
26;104;2212
26;199;2222
26;221;0001
26;281;2222
26;285;2112
26;328;2111
26;333;0001
26;342;2110
26;343;1100
26;370;0010
26;392;0001
26;431;2222
26;434;0001
26;442;0002
26;465;0001
26;485;0010
26;488;0010
26;490;0001
26;610;2122
26;617;2222
26;665;1112
26;713;0010
26;774;0101
26;807;1122
26;855;0010
26;881;0102
26;942;1101
26;1061;2222
26;1144;2222
26;1166;2211
26;1194;1121
26;1195;0001
27;98;1102
27;179;0001
27;599;2222
27;756;0002
27;858;0001
27;905;2122
27;912;0001
27;913;1001
27;1000;0100
27;1083;0100
27;1096;0002
28;134;0001
28;135;0102
28;136;0001
28;215;1112
28;274;1000
28;300;0002
28;322;0002
28;331;0001
28;333;0001
28;343;0001
28;351;2112
28;352;2112
28;370;1112
28;392;0001
28;398;0001
28;465;0001
28;467;0001
28;477;2121
28;510;0001
28;550;0001
28;559;0001
28;586;0001
28;611;0001
28;665;0001
28;722;1012
28;724;0102
28;729;0001
28;735;0001
28;759;2111
28;763;0102
28;822;1212
28;832;0001
28;837;0001
28;875;0001
28;882;0002
28;913;0001
28;937;0001
28;942;0101
28;944;0001
28;969;0001
28;990;0002
28;1000;1102
28;1033;0102
28;1040;0102
28;1083;1112
28;1093;0102
28;1187;0001
28;1192;0102
28;1222;0001
28;1226;0001
28;1234;0102
29;15;1012
29;100;0001
29;215;2122
29;274;2222
29;300;2212
29;322;2222
29;333;0101
29;343;0001
29;350;0110
29;351;2122
29;352;2122
29;353;2220
29;370;1112
29;385;0001
29;392;0001
29;434;0001
29;442;0001
29;477;1120
29;510;0001
29;553;0001
29;687;0010
29;714;1002
29;722;1012
29;724;0102
29;729;0001
29;759;2212
29;763;1102
29;764;1000
29;788;1000
29;822;0102
29;832;1222
29;837;0001
29;875;0001
29;937;0001
29;942;0101
29;944;1102
29;1000;0001
29;1033;0100
29;1040;0101
29;1083;0002
29;1093;0100
29;1184;0100
29;1192;1122
29;1234;0102
30;117;0002
30;328;0101
30;332;0001
30;433;2122
30;492;0001
30;557;0002
30;586;2112
30;687;0010
30;775;0001
30;880;2112
30;881;0001
30;911;2212
30;942;1010
30;1001;0011
30;1084;0100
30;1224;1212
30;1234;0001
31;43;2222
31;69;0001
31;127;1112
31;128;1000
31;136;1101
31;145;0002
31;168;0101
31;189;1112
31;213;0001
31;226;1122
31;239;2222
31;272;0100
31;330;1111
31;331;1001
31;332;2222
31;359;0100
31;370;1111
31;389;1000
31;433;2222
31;448;2122
31;467;2222
31;512;0100
31;550;0001
31;551;0101
31;557;2222
31;586;2222
31;620;1001
31;628;0111
31;651;2221
31;701;1100
31;722;1001
31;724;1000
31;729;0101
31;735;0100
31;760;2222
31;762;1000
31;764;1000
31;839;1212
31;845;2222
31;882;1112
31;937;0101
31;938;1212
31;940;0101
31;942;1012
31;944;0001
31;999;2222
31;1000;0101
31;1020;2122
31;1022;1222
31;1036;2112
31;1040;1102
31;1084;2222
31;1093;0002
31;1187;0101
31;1224;1120
31;1232;0001
31;1233;2222
31;1234;0102
32;43;1000
32;127;0001
32;128;1000
32;181;0001
32;184;2222
32;189;0002
32;212;0011
32;226;0001
32;239;0011
32;315;1000
32;330;0001
32;331;0001
32;370;1000
32;389;1112
32;433;1121
32;467;1000
32;473;0001
32;489;1000
32;506;0010
32;586;1011
32;722;1122
32;735;0001
32;764;0001
32;882;0001
32;937;0001
32;999;1000
32;1040;0101
32;1093;0001
32;1220;0001
32;1234;1100
33;37;0101
33;65;0001
33;91;2222
33;94;2220
33;96;0001
33;210;2220
33;225;0012
33;297;0001
33;359;1011
33;370;1212
33;403;2212
33;404;0002
33;413;0002
33;465;2222
33;515;0001
33;612;2222
33;637;2220
33;638;2220
33;663;0001
33;719;0001
33;721;2222
33;731;0001
33;763;1001
33;764;0002
33;773;0001
33;793;0010
33;795;1000
33;797;2210
33;811;2222
33;818;2220
33;822;0001
33;825;2222
33;846;0001
33;882;0001
33;888;1002
33;889;0002
33;916;2222
33;920;2212
33;927;2121
33;978;2110
33;981;1000
33;995;1121
33;996;2222
33;1000;0100
33;1023;0001
33;1052;2222
33;1072;0001
33;1098;0001
33;1105;2222
33;1113;2222
33;1122;1112
33;1123;0112
33;1183;1122
33;1186;1222
33;1189;0011
33;1215;0010
33;1234;1222
34;37;2222
34;65;2212
34;76;0011
34;77;0100
34;94;0002
34;135;0001
34;225;0002
34;235;0010
34;236;0010
34;247;0010
34;261;2122
34;277;0010
34;297;0001
34;359;0010
34;403;2221
34;404;2222
34;465;2222
34;471;2221
34;552;0001
34;627;0001
34;637;2222
34;638;2222
34;721;2222
34;773;2211
34;795;2222
34;817;2222
34;818;0001
34;825;0100
34;846;2222
34;916;2221
34;933;0001
34;941;0100
34;944;0001
34;995;2222
34;1000;0100
34;1023;0001
34;1052;0101
34;1186;0001
34;1234;0001
35;32;1000
35;120;0100
35;210;2222
35;811;1120
35;825;0100
35;888;0001
35;913;2110
35;915;2120
35;920;0100
35;926;0010
35;948;0010
35;1105;0001
35;1109;2222
35;1119;0001
36;66;1000
36;325;0001
36;370;0002
36;403;1100
36;612;2120
36;721;1000
36;722;2220
36;724;0001
36;1052;2220
37;3;2112
37;4;1000
37;28;2120
37;33;2222
37;35;2122
37;38;2222
37;65;1001
37;71;1111
37;76;1002
37;116;0001
37;119;0001
37;120;1222
37;131;2222
37;148;0001
37;150;0001
37;158;2222
37;175;2222
37;203;2122
37;220;0001
37;225;2222
37;231;0012
37;233;0010
37;234;2222
37;238;0011
37;247;2112
37;280;1212
37;291;0001
37;294;1000
37;318;2222
37;319;2111
37;333;1012
37;334;1001
37;342;0001
37;345;0001
37;370;0012
37;378;2122
37;379;2222
37;380;2222
37;392;0001
37;403;0001
37;428;1001
37;433;1000
37;443;0001
37;465;2222
37;470;2121
37;476;1122
37;482;2222
37;483;2222
37;491;2222
37;492;2222
37;510;0001
37;512;0001
37;514;0001
37;596;0001
37;600;2222
37;627;1112
37;671;0001
37;697;2222
37;711;0010
37;712;2122
37;717;2222
37;721;1000
37;731;0002
37;774;1011
37;776;0001
37;815;2222
37;817;2122
37;818;0001
37;831;2221
37;835;2122
37;849;2222
37;866;1012
37;871;0012
37;877;2222
37;888;0001
37;930;2122
37;933;1111
37;941;1000
37;942;1211
37;944;0100
37;946;2222
37;991;2212
37;1008;2222
37;1011;1011
37;1014;2222
37;1028;2222
37;1080;0001
37;1126;2222
37;1128;1222
37;1130;0001
37;1131;1122
37;1133;2222
37;1135;0111
37;1174;1222
37;1176;2222
37;1178;2122
37;1182;1222
37;1234;1212
38;14;2122
38;76;0001
38;117;1010
38;142;0001
38;252;0100
38;360;2212
38;370;0001
38;390;2222
38;392;0001
38;444;0001
38;465;1212
38;503;0001
38;505;0010
38;510;0001
38;572;0010
38;573;0010
38;621;0001
38;622;0002
38;627;0001
38;634;2112
38;644;1121
38;646;1001
38;666;1010
38;702;0002
38;729;0001
38;776;0001
38;786;1000
38;856;0001
38;862;0001
38;866;0100
38;873;1002
38;881;1000
38;882;0002
38;888;0001
38;971;1122
38;990;0002
38;1001;1000
38;1024;1001
38;1027;1000
38;1029;1000
38;1059;1000
38;1066;0001
38;1068;1222
38;1072;0001
38;1075;1000
38;1130;1222
38;1136;1222
38;1140;1122
38;1146;0011
38;1148;0011
38;1160;0011
38;1230;1000
38;1234;1210
39;3;1000
39;67;0001
39;74;0001
39;76;0001
39;83;2121
39;84;0001
39;85;2122
39;102;1000
39;107;0001
39;108;0002
39;112;0011
39;135;0001
39;143;1000
39;216;2122
39;217;2122
39;218;2122
39;219;2122
39;221;2122
39;222;2121
39;225;2222
39;226;0001
39;230;1002
39;233;0010
39;235;2122
39;236;2122
39;244;0010
39;248;0010
39;249;2112
39;252;1011
39;254;1010
39;263;1011
39;276;0001
39;277;2122
39;289;2112
39;293;2112
39;297;0001
39;301;0001
39;304;1122
39;306;0001
39;307;1001
39;308;0002
39;338;2122
39;342;0002
39;343;0002
39;356;1101
39;360;0010
39;365;0001
39;366;1000
39;370;0001
39;392;0001
39;404;0002
39;407;2122
39;412;2110
39;420;2112
39;433;1002
39;453;1000
39;465;0002
39;470;2121
39;488;0011
39;490;0001
39;494;0002
39;503;0001
39;505;0012
39;508;0101
39;510;1001
39;529;0012
39;530;0001
39;532;0001
39;534;0011
39;535;0001
39;553;1012
39;560;2122
39;563;0002
39;564;1001
39;565;0001
39;566;0001
39;567;1001
39;568;0001
39;569;0001
39;570;0011
39;571;0011
39;572;0001
39;573;1011
39;576;1000
39;584;1122
39;586;0001
39;608;0011
39;610;0001
39;619;2121
39;621;0001
39;622;0002
39;627;0001
39;639;2221
39;645;2111
39;646;1001
39;647;0010
39;652;0001
39;654;2121
39;702;0002
39;716;0111
39;729;0001
39;738;0002
39;739;0002
39;740;0002
39;744;0001
39;746;0002
39;749;0001
39;776;0001
39;777;0011
39;786;0011
39;845;0001
39;849;0001
39;851;2121
39;862;0001
39;869;1002
39;873;1122
39;881;1001
39;882;0002
39;888;0001
39;889;0001
39;892;0001
39;902;0001
39;918;0002
39;942;0001
39;944;0001
39;949;1002
39;966;0012
39;971;2122
39;990;0002
39;1001;1001
39;1026;0001
39;1027;1001
39;1029;1001
39;1044;0001
39;1066;0001
39;1070;0001
39;1072;0001
39;1076;0001
39;1096;0100
39;1127;1011
39;1135;0001
39;1136;1000
39;1137;1221
39;1139;1222
39;1140;0010
39;1141;1122
39;1146;0011
39;1148;0011
39;1160;0010
39;1161;0001
39;1185;0001
39;1194;0001
39;1209;0001
39;1210;0001
39;1211;1002
39;1222;0001
39;1224;0001
39;1225;1112
39;1230;1002
39;1234;1211
39;1236;0001
39;1238;0002
40;2;0100
40;3;2122
40;4;2122
40;5;0100
40;9;0001
40;10;0001
40;17;0001
40;28;2212
40;32;0001
40;35;0100
40;76;0001
40;77;1122
40;95;2110
40;103;0010
40;105;0010
40;108;0010
40;109;1010
40;112;0010
40;115;0010
40;116;1122
40;119;1001
40;120;0001
40;132;0001
40;142;0001
40;144;0001
40;150;0102
40;151;0002
40;169;1000
40;173;0001
40;189;0001
40;198;0010
40;210;0001
40;225;2122
40;231;2122
40;233;2222
40;235;0010
40;236;0010
40;240;2110
40;248;1000
40;249;0010
40;252;1002
40;254;1122
40;261;0010
40;263;0001
40;277;1122
40;279;0010
40;289;0010
40;291;0001
40;293;0011
40;294;1011
40;297;0001
40;298;0001
40;304;0010
40;308;0010
40;333;0001
40;338;0001
40;344;0011
40;345;0001
40;351;1000
40;352;1000
40;370;1001
40;392;0001
40;404;2122
40;405;2122
40;407;0010
40;413;0001
40;417;0102
40;420;0012
40;434;0001
40;465;2222
40;478;0001
40;479;2111
40;508;0002
40;510;0010
40;515;0001
40;526;0010
40;529;0010
40;532;0010
40;535;0001
40;553;0010
40;560;1010
40;571;0010
40;572;0010
40;573;1010
40;576;1000
40;583;0001
40;613;0001
40;616;0001
40;619;0010
40;645;0010
40;646;0010
40;654;0010
40;673;0001
40;677;0001
40;731;0001
40;735;0001
40;763;0001
40;780;0010
40;785;2122
40;786;2122
40;815;1221
40;849;0100
40;851;0001
40;852;0001
40;869;1000
40;882;0001
40;888;0100
40;899;1210
40;931;0010
40;941;1111
40;942;0001
40;949;1000
40;954;0101
40;956;0100
40;959;0100
40;1000;0001
40;1008;1222
40;1024;1000
40;1027;0001
40;1029;0001
40;1052;0011
40;1080;0101
40;1100;1212
40;1105;0002
40;1109;0010
40;1117;1212
40;1124;2210
40;1126;0010
40;1127;0012
40;1128;0010
40;1130;0001
40;1131;0002
40;1132;0001
40;1133;0011
40;1135;1122
40;1137;1121
40;1139;1220
40;1141;1120
40;1146;0010
40;1148;0010
40;1160;0011
40;1161;0010
40;1192;0001
40;1193;1121
40;1230;1120
40;1234;2222
41;46;0100
41;296;0100
41;301;0100
41;322;0010
41;370;0100
41;392;1000
41;603;2221
41;941;0001
41;998;1010
41;1106;2222
41;1107;2222
41;1108;2222
41;1115;1122
41;1184;0010
41;1190;2222
42;5;0001
42;46;0100
42;57;2222
42;92;2212
42;135;0001
42;209;2222
42;245;1011
42;297;0001
42;301;1112
42;314;0100
42;317;2222
42;322;0001
42;337;1212
42;339;0100
42;370;0011
42;416;2212
42;434;0001
42;443;2220
42;489;0001
42;505;2221
42;509;1000
42;550;0001
42;585;2222
42;586;0001
42;601;0001
42;695;2222
42;719;0001
42;722;0002
42;724;0001
42;731;0001
42;763;0001
42;764;0001
42;770;0001
42;822;0001
42;837;0001
42;888;0001
42;931;1011
42;944;0001
42;1000;0001
42;1033;0001
42;1040;0001
42;1085;1011
42;1093;0001
42;1187;0001
42;1192;0001
42;1232;0001
42;1234;1001
43;3;0100
43;4;0100
43;28;0100
43;54;1121
43;65;0100
43;66;2221
43;91;0100
43;94;0100
43;119;0012
43;124;1212
43;125;2222
43;135;0001
43;137;0002
43;140;2222
43;147;0010
43;172;2222
43;173;1220
43;199;0001
43;221;0001
43;261;1100
43;294;0100
43;301;0001
43;302;1100
43;303;2120
43;307;0001
43;308;0100
43;311;0100
43;324;0100
43;334;0100
43;361;0100
43;370;1112
43;386;1000
43;392;0011
43;404;0100
43;418;2212
43;430;0001
43;440;2222
43;441;2222
43;461;1210
43;471;0001
43;484;0110
43;490;0001
43;493;0001
43;504;2222
43;505;0001
43;522;0101
43;526;1100
43;527;0100
43;560;0100
43;562;0100
43;563;0001
43;568;2222
43;570;0001
43;571;0001
43;575;0001
43;636;1000
43;655;0010
43;693;0001
43;694;0100
43;707;0001
43;714;1100
43;733;0001
43;737;0001
43;741;0001
43;758;0001
43;793;0100
43;795;0100
43;817;0100
43;818;0100
43;864;0001
43;889;0001
43;891;0011
43;913;0100
43;916;0100
43;918;1011
43;921;1102
43;944;0001
43;958;1002
43;960;2222
43;966;1001
43;967;1001
43;975;0002
43;982;0001
43;997;0010
43;1000;0002
43;1080;0001
43;1093;0001
43;1094;0001
43;1121;0001
43;1156;0001
43;1167;0011
43;1172;0011
43;1184;0010
43;1185;0001
43;1199;1002
43;1200;2211
43;1209;0001
43;1216;0010
44;44;2222
44;45;1000
44;53;2222
44;67;1211
44;72;2112
44;74;2222
44;83;1001
44;84;1112
44;106;1001
44;108;1000
44;118;1000
44;121;1000
44;122;0011
44;124;2222
44;125;0100
44;135;0001
44;138;0002
44;142;0010
44;143;2212
44;154;2212
44;166;1000
44;171;2212
44;172;1000
44;190;2222
44;235;2210
44;236;2211
44;242;2210
44;243;2210
44;244;2220
44;257;1001
44;264;2110
44;269;2212
44;276;0001
44;297;0001
44;310;0100
44;312;2222
44;325;1111
44;336;2111
44;360;1001
44;370;1000
44;371;0001
44;381;0001
44;386;2212
44;390;2212
44;392;0001
44;399;1211
44;409;0001
44;411;2222
44;415;2120
44;430;1001
44;435;0001
44;436;2220
44;453;2222
44;465;0001
44;493;0101
44;495;2222
44;503;0001
44;504;2222
44;523;1001
44;528;2212
44;538;0001
44;548;2222
44;561;2212
44;563;0001
44;566;2222
44;567;2222
44;568;2222
44;569;2220
44;570;1120
44;572;1210
44;574;2222
44;575;2222
44;576;0010
44;590;0001
44;608;0001
44;621;2222
44;622;2222
44;623;2222
44;624;2212
44;625;2222
44;634;2222
44;636;2222
44;645;0101
44;647;1212
44;655;2222
44;666;1211
44;691;2222
44;702;2222
44;737;2222
44;743;2222
44;747;0001
44;750;2222
44;765;2222
44;766;2222
44;767;0001
44;786;2222
44;840;2222
44;841;1101
44;847;2222
44;850;2222
44;856;0001
44;858;2121
44;862;0001
44;873;2222
44;875;0001
44;951;2222
44;953;2222
44;961;1000
44;967;2222
44;971;1221
44;973;2222
44;1024;2222
44;1029;2222
44;1030;2222
44;1053;2222
44;1054;0001
44;1055;2222
44;1057;1012
44;1059;2222
44;1070;0001
44;1072;1212
44;1130;0002
44;1136;0001
44;1139;0001
44;1142;1002
44;1144;0001
44;1146;1220
44;1148;1222
44;1156;1221
44;1157;0001
44;1160;2122
44;1185;2221
44;1196;0001
44;1201;2222
44;1202;2222
44;1210;0001
44;1212;0001
44;1222;2222
44;1230;2211
44;1231;1101
45;278;0100
45;283;0100
45;286;0100
45;287;0101
45;288;0100
45;289;1220
45;290;1110
45;292;2210
45;293;1220
45;338;1212
45;538;2210
45;540;1000
45;715;0100
45;758;1010
45;803;2212
45;919;2212
45;924;2212
45;1050;0010
45;1159;2222
45;1168;0010
46;51;2222
46;53;2222
46;370;0010
46;410;0011
46;430;0001
46;500;0100
46;503;2221
46;516;2111
46;553;1002
46;568;1000
46;623;0010
46;702;2122
46;737;2222
46;854;1111
46;856;2111
46;857;0002
46;1196;0001
46;1212;1121
47;15;0002
47;57;1000
47;92;2220
47;118;0010
47;121;0010
47;125;0001
47;163;2222
47;165;0002
47;172;0012
47;183;0010
47;208;0001
47;209;2220
47;245;1000
47;259;0010
47;278;0010
47;279;0010
47;283;0010
47;286;0010
47;287;0010
47;295;2211
47;296;0100
47;301;1210
47;302;0100
47;317;2220
47;337;1000
47;361;1000
47;370;1000
47;406;2212
47;416;1000
47;436;0001
47;505;2221
47;508;2210
47;525;0010
47;585;2220
47;613;2210
47;684;2222
47;694;2212
47;695;2210
47;707;0110
47;781;0001
47;862;0010
47;868;0010
47;906;2221
47;928;0010
47;931;1000
47;971;0100
47;998;1010
47;1000;1001
47;1013;1000
47;1058;2220
47;1075;0010
47;1106;1000
47;1107;1000
47;1108;1000
47;1129;0010
47;1132;0010
47;1165;2222
47;1192;1000
47;1194;0010
47;1206;0010
48;44;0110
48;72;0100
48;74;0100
48;124;2220
48;143;0002
48;154;2222
48;190;0010
48;257;0011
48;312;0100
48;336;2222
48;386;0100
48;422;0001
48;436;2222
48;453;2222
48;493;0101
48;495;2220
48;523;2220
48;548;2220
48;566;1000
48;568;2222
48;576;2222
48;691;0001
48;765;0010
48;766;0010
48;786;0010
48;850;2222
48;967;0011
48;1142;2220
48;1201;0001
48;1231;2122
49;72;0100
49;84;0010
49;138;2222
49;143;2222
49;230;2220
49;313;2222
49;370;0010
49;392;1010
49;393;2220
49;430;0010
49;436;2222
49;440;1000
49;465;0001
49;493;2222
49;503;0001
49;504;1222
49;505;0001
49;523;2220
49;530;0001
49;553;0010
49;562;2220
49;563;2220
49;566;1000
49;568;1212
49;570;1001
49;586;0001
49;608;0001
49;624;2222
49;625;1221
49;691;2220
49;726;0100
49;743;2220
49;749;0011
49;953;1222
49;972;2222
49;1198;2222
50;44;0100
50;259;2222
50;309;0100
50;347;0001
50;435;2222
50;440;1001
50;495;2222
50;505;0001
50;543;0100
50;548;2222
50;568;1001
50;570;0001
50;575;0001
50;601;0001
50;634;0001
50;829;0001
50;848;2222
50;953;1222
50;961;2222
50;973;1220
50;1058;0100
50;1156;1121
50;1157;2222
50;1159;1121
50;1160;0001
51;1;0100
51;11;0100
51;14;0100
51;18;1120
51;19;1210
51;26;2221
51;44;1120
51;51;0100
51;55;0100
51;62;0100
51;63;0100
51;66;0001
51;67;1112
51;72;1112
51;83;0001
51;84;1112
51;85;2222
51;102;1100
51;107;1102
51;108;0001
51;112;2212
51;114;2211
51;122;2222
51;124;0002
51;135;0001
51;137;2221
51;141;2222
51;142;2212
51;177;0001
51;190;0001
51;191;2121
51;196;0011
51;200;0001
51;201;2222
51;214;2222
51;216;0100
51;217;0100
51;218;0100
51;219;0100
51;221;0100
51;222;0100
51;225;2222
51;230;0001
51;235;2212
51;236;2211
51;245;0100
51;249;2222
51;252;0100
51;254;2111
51;263;0100
51;264;1100
51;270;2212
51;276;0001
51;277;2210
51;279;0012
51;281;0011
51;289;0100
51;297;1001
51;302;2212
51;303;2212
51;304;2221
51;305;2212
51;306;2222
51;307;0102
51;308;2111
51;311;0001
51;322;0001
51;325;1211
51;333;1101
51;337;1001
51;343;0001
51;345;0100
51;355;0100
51;360;1002
51;365;1212
51;366;1211
51;370;1112
51;382;0001
51;383;1012
51;386;1222
51;391;0011
51;392;1122
51;400;2112
51;402;0001
51;407;2221
51;415;1101
51;417;0002
51;418;1211
51;419;2111
51;430;1011
51;435;0001
51;437;0001
51;440;0001
51;442;2122
51;444;2222
51;445;2222
51;465;1222
51;481;2222
51;484;2211
51;488;0001
51;490;2222
51;493;0101
51;494;2122
51;495;0001
51;498;1122
51;501;2221
51;502;0001
51;503;0011
51;504;2222
51;505;0001
51;510;0001
51;511;1011
51;517;0011
51;521;1210
51;526;0001
51;528;2211
51;529;2211
51;530;2211
51;531;2211
51;532;2221
51;534;2211
51;535;2222
51;548;0001
51;553;2211
51;560;2222
51;562;0102
51;563;2211
51;564;2222
51;565;2222
51;566;2221
51;568;1222
51;569;2222
51;570;1222
51;571;1000
51;572;2222
51;573;2222
51;574;2222
51;575;2222
51;576;0001
51;589;0010
51;590;0101
51;605;1122
51;608;1222
51;625;0001
51;627;0001
51;636;1002
51;639;1100
51;643;0001
51;646;2222
51;675;1100
51;681;2112
51;685;2222
51;707;1000
51;726;2222
51;733;0001
51;737;0010
51;738;2222
51;739;2222
51;740;2222
51;741;2222
51;744;2222
51;745;0001
51;746;2222
51;747;0001
51;748;2222
51;749;2222
51;779;1001
51;789;2210
51;790;0100
51;793;0001
51;827;2222
51;828;0100
51;829;2211
51;847;0001
51;852;0100
51;856;0101
51;857;0100
51;858;0001
51;861;0001
51;864;1211
51;865;0002
51;866;0001
51;868;1000
51;869;2112
51;875;0001
51;881;0001
51;889;0001
51;891;1001
51;892;2212
51;905;0001
51;918;2222
51;921;2222
51;925;1001
51;926;1000
51;933;0001
51;936;0100
51;949;2222
51;950;2222
51;954;1220
51;956;1001
51;957;2222
51;958;2211
51;966;2221
51;990;0001
51;991;0001
51;1001;0001
51;1024;1210
51;1026;2222
51;1027;0100
51;1044;1221
51;1057;0100
51;1065;0001
51;1070;1100
51;1074;0102
51;1076;2222
51;1079;0001
51;1091;0002
51;1120;1112
51;1127;0100
51;1135;0100
51;1137;0100
51;1139;0100
51;1141;0100
51;1156;1221
51;1167;1222
51;1196;1211
51;1198;0001
51;1199;1000
51;1200;2221
51;1202;0010
51;1203;2122
51;1204;2221
51;1207;2122
51;1208;2222
51;1209;2222
51;1210;1121
51;1211;1222
51;1212;2122
51;1234;0002
51;1236;1222
51;1238;1220
52;406;2222
52;505;0010
53;1;1000
53;11;0002
53;55;1000
53;81;1000
53;160;0001
53;188;1000
53;223;1000
53;228;1000
53;347;1100
53;370;0010
53;401;2210
53;432;1212
53;447;2220
53;505;1000
53;509;1000
53;577;1110
53;590;1010
53;767;1001
53;917;0100
53;987;2221
53;1170;1210
53;1228;0111
53;1229;0111
54;11;2222
54;23;0100
54;55;1010
54;187;1011
54;206;0100
54;211;2222
54;223;1122
54;228;2222
54;229;2222
54;333;0011
54;341;0012
54;347;0012
54;358;2222
54;369;2121
54;382;2222
54;394;2120
54;401;2111
54;402;2122
54;432;2222
54;485;2121
54;488;2120
54;505;0011
54;513;1002
54;547;0001
54;550;0001
54;552;0101
54;577;2110
54;590;0011
54;607;0100
54;613;1000
54;626;0101
54;631;2212
54;632;1122
54;716;1101
54;767;1001
54;771;0100
54;790;0001
54;793;0001
54;806;0001
54;812;2122
54;819;2222
54;860;0002
54;904;2212
54;905;0100
54;917;2210
54;941;1001
54;964;2222
54;990;1001
54;1003;0002
54;1005;2221
54;1007;2122
54;1013;1001
54;1048;2122
54;1060;2222
54;1099;0100
54;1134;2112
54;1163;2212
54;1164;0112
54;1169;1222
54;1171;0100
54;1192;0001
54;1237;0100
55;70;0100
55;232;1100
55;305;0100
55;347;1000
55;358;0002
55;391;2110
55;430;0001
55;432;2122
55;463;1100
55;505;1001
55;521;2222
55;530;2122
55;640;1010
55;675;1000
55;749;0010
55;779;1010
55;820;1122
55;828;1210
55;847;0010
55;890;1001
55;1056;1000
55;1070;1100
55;1156;0001
55;1205;2110
56;55;1000
56;89;0110
56;123;0001
56;135;0001
56;181;1012
56;185;1001
56;212;1012
56;288;0110
56;290;0110
56;292;0110
56;414;0100
56;424;0100
56;432;0100
56;443;0100
56;450;0002
56;758;0100
56;767;2222
56;783;1000
56;794;0100
56;919;0100
56;924;0100
56;925;0100
56;928;0100
56;970;0100
56;972;0100
56;1066;0100
56;1091;0012
56;1093;0001
56;1102;0100
56;1115;0100
56;1234;0001
56;1239;0100
57;1;1222
57;6;0001
57;8;0100
57;11;0001
57;62;0010
57;79;0100
57;80;0010
57;81;0010
57;160;1001
57;177;0100
57;178;1110
57;188;1010
57;200;0100
57;223;2211
57;228;1000
57;282;0012
57;346;2120
57;369;1000
57;370;1110
57;394;1220
57;397;0100
57;415;1000
57;432;2120
57;447;0100
57;513;1000
57;577;0010
57;588;2220
57;590;2222
57;668;0010
57;778;1210
57;784;1000
57;790;2220
57;812;0101
57;833;1000
57;860;1120
57;865;2110
57;890;0101
57;905;1210
57;983;1220
57;986;1120
57;987;1121
57;988;2220
57;989;1010
57;1086;0100
57;1090;0100
57;1091;0011
57;1095;2110
57;1170;0002
57;1171;0002
57;1173;1120
57;1203;1100
58;1;2222
58;6;2222
58;7;2222
58;43;0100
58;48;1010
58;55;2210
58;60;0100
58;62;2112
58;63;2110
58;80;2212
58;81;0002
58;82;2210
58;102;0001
58;111;0010
58;160;2222
58;164;0001
58;178;2122
58;179;2110
58;187;2120
58;188;2121
58;200;1002
58;223;2221
58;228;2120
58;229;1220
58;271;2210
58;282;1001
58;335;1001
58;346;2122
58;347;2121
58;366;0010
58;369;2220
58;370;1100
58;384;1000
58;392;0010
58;394;2211
58;397;0100
58;402;0001
58;415;1001
58;427;0001
58;429;0100
58;432;2122
58;447;2122
58;457;0001
58;463;0010
58;485;0001
58;505;1120
58;511;0100
58;513;0111
58;517;0010
58;550;0001
58;577;2122
58;588;2122
58;589;2110
58;590;2222
58;591;2222
58;609;0010
58;614;2121
58;631;2120
58;668;1021
58;748;0010
58;749;0010
58;769;1121
58;778;2212
58;784;1002
58;790;2222
58;805;0001
58;812;2212
58;820;0001
58;860;2222
58;865;2122
58;874;1112
58;890;2122
58;903;0110
58;905;2220
58;912;0001
58;917;2211
58;964;0100
58;983;2222
58;986;2222
58;987;2222
58;988;2222
58;989;2222
58;990;0001
58;1005;0001
58;1025;1100
58;1077;2220
58;1086;0100
58;1090;0100
58;1091;0011
58;1134;0002
58;1170;2221
58;1171;1122
58;1173;2222
58;1228;1000
58;1234;0001
59;1;0002
59;6;0001
59;11;0001
59;18;0101
59;45;0010
59;48;0112
59;55;2222
59;62;0002
59;63;0002
59;67;0001
59;79;1000
59;80;0002
59;81;1002
59;84;1012
59;102;2111
59;107;1012
59;110;0001
59;111;0100
59;122;1100
59;160;0101
59;164;0001
59;166;0110
59;177;0001
59;179;0001
59;187;0002
59;188;0001
59;191;1102
59;200;0001
59;214;2111
59;223;2222
59;228;1112
59;229;1222
59;245;0010
59;275;1011
59;279;2111
59;281;0001
59;284;2112
59;306;0001
59;333;0001
59;335;0111
59;346;0101
59;347;1002
59;365;2111
59;366;2111
59;369;0001
59;370;1011
59;382;0001
59;386;1001
59;392;0011
59;394;2212
59;397;2121
59;401;2122
59;402;2222
59;415;0002
59;425;0010
59;427;0001
59;430;0001
59;432;2122
59;442;0001
59;444;0001
59;447;0002
59;452;0001
59;465;0001
59;485;1001
59;504;0001
59;505;1122
59;509;2112
59;513;1112
59;521;0002
59;524;0001
59;530;0002
59;565;1121
59;572;1011
59;574;1011
59;577;2222
59;588;0112
59;590;1012
59;591;0002
59;607;0001
59;608;1220
59;609;0100
59;614;0002
59;631;0101
59;668;2222
59;670;1122
59;678;0001
59;679;0001
59;685;0010
59;689;2111
59;738;0001
59;748;0001
59;767;2212
59;769;0001
59;778;0101
59;784;2122
59;790;2120
59;812;2222
59;820;0001
59;827;1001
59;828;0001
59;833;2121
59;860;0102
59;865;2122
59;869;0100
59;874;0102
59;882;0001
59;903;1111
59;905;2221
59;912;0001
59;917;0101
59;936;2112
59;937;0001
59;964;0100
59;977;0010
59;983;0102
59;986;0102
59;987;0002
59;988;0102
59;989;2222
59;990;0001
59;1005;0001
59;1007;0001
59;1025;2121
59;1044;1100
59;1056;0010
59;1060;0012
59;1071;0001
59;1074;2122
59;1075;0001
59;1077;2222
59;1091;0011
59;1095;1122
59;1097;0001
59;1102;2121
59;1134;0002
59;1143;0010
59;1163;1121
59;1170;0001
59;1171;1112
59;1172;0012
59;1173;1210
59;1203;1000
59;1205;1111
59;1228;0002
59;1232;0001
60;17;0101
60;87;0100
60;100;2222
60;155;1220
60;241;2112
60;267;0111
60;322;1210
60;340;0002
60;348;2222
60;354;1000
60;370;1000
60;446;2220
60;519;1010
60;550;1000
60;587;2120
60;597;2120
60;653;1010
60;698;2122
60;722;0001
60;724;0001
60;751;0010
60;764;0001
60;990;1002
60;1000;0001
60;1004;2222
60;1040;0001
60;1041;1110
60;1043;1110
60;1046;0002
60;1047;1110
60;1104;0001
60;1110;0012
60;1192;1100
60;1194;0001
61;10;1010
61;56;0001
61;62;0100
61;63;0100
61;114;0100
61;132;0001
61;187;0001
61;195;2222
61;196;2222
61;197;0100
61;200;0002
61;226;0001
61;298;0001
61;347;0001
61;358;0100
61;370;1012
61;383;2222
61;427;0001
61;432;1002
61;434;0001
61;437;2222
61;439;0100
61;465;0112
61;481;1101
61;490;1120
61;498;0102
61;500;0100
61;501;2222
61;502;2222
61;505;2222
61;511;1001
61;517;0001
61;531;2121
61;532;0010
61;535;0010
61;565;0010
61;570;1001
61;590;1001
61;605;2222
61;668;0001
61;685;2222
61;726;0010
61;735;0001
61;738;0010
61;739;0010
61;741;0010
61;754;2212
61;763;0001
61;767;0001
61;827;0100
61;847;0010
61;864;0001
61;865;0001
61;875;0100
61;882;0002
61;912;0001
61;944;0001
61;969;2122
61;980;0100
61;990;0002
61;1040;0001
61;1079;1122
61;1092;0002
61;1093;0002
61;1098;0001
61;1188;0001
61;1207;0010
61;1208;0010
61;1234;0001
61;1236;0001
62;10;0001
62;17;2211
62;24;0001
62;43;0100
62;56;1010
62;60;0010
62;62;0100
62;63;1101
62;64;1220
62;69;1000
62;72;0001
62;88;0010
62;94;0001
62;110;0100
62;144;1001
62;148;2222
62;155;2111
62;160;0001
62;182;0100
62;192;2210
62;193;2211
62;194;2210
62;197;1110
62;200;1001
62;211;0100
62;224;0100
62;226;1112
62;237;0001
62;238;0011
62;244;1000
62;267;0002
62;297;1001
62;321;1000
62;322;0001
62;330;1000
62;331;1011
62;333;1001
62;340;1000
62;348;1002
62;349;1000
62;354;1001
62;358;1000
62;359;0012
62;370;2212
62;372;1000
62;382;1001
62;383;1000
62;427;1000
62;429;1000
62;434;0001
62;437;2220
62;438;2221
62;446;1000
62;458;0100
62;459;0100
62;460;0100
62;465;0100
62;472;1000
62;473;1210
62;479;0100
62;486;0010
62;505;0100
62;537;1000
62;539;0100
62;550;2112
62;551;0001
62;558;1010
62;559;0001
62;580;0001
62;586;0001
62;590;0010
62;607;2220
62;643;0001
62;663;1010
62;677;0010
62;698;1101
62;703;1100
62;704;0001
62;722;1122
62;724;1002
62;729;0001
62;731;0001
62;734;1000
62;735;0001
62;736;1120
62;761;1001
62;763;1102
62;764;1001
62;767;0001
62;768;1011
62;783;0010
62;787;1000
62;803;0111
62;804;0100
62;806;2122
62;819;1000
62;821;0001
62;822;0002
62;837;1120
62;842;2221
62;843;0001
62;844;0002
62;845;0002
62;870;0001
62;879;1000
62;880;0001
62;882;1002
62;885;1000
62;886;1000
62;888;1002
62;889;0002
62;904;1101
62;907;2110
62;912;1000
62;913;1000
62;914;0100
62;920;0001
62;937;1000
62;941;1011
62;944;1000
62;945;0001
62;964;1000
62;969;0100
62;990;1002
62;1000;1002
62;1022;0001
62;1023;1002
62;1032;1000
62;1033;0001
62;1038;1000
62;1039;1000
62;1040;0002
62;1042;0001
62;1071;1000
62;1073;2122
62;1080;0002
62;1093;0001
62;1104;0001
62;1151;1121
62;1192;0001
62;1195;1000
62;1214;1210
62;1232;0001
62;1234;0101
63;1;0001
63;23;0100
63;62;0100
63;63;0100
63;166;0001
63;322;1010
63;347;2220
63;370;0010
63;374;0100
63;429;2222
63;434;2110
63;437;0100
63;438;0001
63;463;2222
63;490;0100
63;499;2220
63;500;0100
63;501;0100
63;502;0100
63;505;0100
63;592;1100
63;669;0100
63;698;1000
63;704;0001
63;724;0001
63;763;0001
63;803;0100
63;805;0101
63;821;0010
63;922;1000
63;976;2210
63;980;0100
63;1040;0001
63;1091;0010
63;1155;2222
63;1171;2110
63;1192;1210
63;1228;2120
63;1229;2120
64;17;0012
64;20;0002
64;22;2222
64;24;0001
64;64;1211
64;144;0101
64;148;0101
64;155;0001
64;160;0001
64;197;0101
64;227;0100
64;267;0001
64;322;0001
64;331;0001
64;349;1000
64;358;1000
64;370;1110
64;372;2222
64;382;0001
64;434;0001
64;437;2222
64;472;0100
64;550;0002
64;590;0001
64;605;0001
64;606;0010
64;674;0010
64;698;0001
64;703;0001
64;722;0010
64;724;0001
64;768;0001
64;814;2222
64;842;2222
64;844;0002
64;882;0001
64;889;0002
64;907;0001
64;944;0001
64;963;1001
64;1000;0002
64;1033;0001
64;1038;2222
64;1067;0001
64;1071;0001
64;1076;0001
64;1091;0002
64;1093;0002
64;1188;0001
64;1195;2222
65;17;0012
65;20;2121
65;22;0112
65;24;2122
65;64;2222
65;87;1002
65;93;0001
65;132;0001
65;135;0001
65;144;2222
65;148;0102
65;155;2122
65;192;2220
65;194;2222
65;197;0102
65;206;1211
65;211;2222
65;224;0100
65;227;0001
65;238;0001
65;267;0001
65;297;0001
65;322;0001
65;323;0002
65;331;0011
65;341;0012
65;349;2112
65;358;1000
65;368;2112
65;370;1212
65;372;2212
65;383;0001
65;386;0001
65;387;2122
65;388;2122
65;437;2222
65;519;0001
65;539;0100
65;543;0001
65;546;0001
65;550;0002
65;578;2222
65;587;0001
65;597;0002
65;599;0001
65;606;1111
65;611;0001
65;629;0001
65;653;0011
65;674;2122
65;699;2111
65;722;1012
65;736;1121
65;763;0001
65;788;0001
65;803;0001
65;814;1002
65;819;0100
65;821;1010
65;833;0001
65;842;2222
65;882;0001
65;885;2112
65;886;2112
65;889;0001
65;904;2220
65;913;0001
65;963;0001
65;964;1210
65;990;0002
65;1000;0002
65;1006;1000
65;1007;1220
65;1038;2222
65;1042;0001
65;1045;1012
65;1046;2221
65;1048;0101
65;1067;1012
65;1073;2222
65;1092;0002
65;1093;0001
65;1099;1121
65;1149;0001
65;1150;0001
65;1151;1122
65;1153;0001
65;1164;0001
65;1188;0001
65;1195;1122
65;1214;0001
65;1232;0001
65;1234;0002
65;1237;2122
66;1;0001
66;10;0001
66;11;0001
66;13;0001
66;17;0012
66;22;0002
66;63;0100
66;100;2210
66;148;0012
66;155;0001
66;160;0001
66;166;0001
66;187;0100
66;200;1101
66;267;0001
66;322;2222
66;340;2110
66;348;2212
66;350;1012
66;370;2212
66;385;0001
66;427;0001
66;429;2222
66;434;2212
66;446;1000
66;463;1220
66;498;1000
66;558;0011
66;590;0001
66;605;0001
66;607;0010
66;630;0001
66;698;1102
66;722;0002
66;724;0002
66;731;0001
66;736;0002
66;763;1002
66;767;0001
66;771;0010
66;788;1000
66;821;1011
66;837;0100
66;882;0002
66;907;1000
66;912;1000
66;913;0001
66;944;1002
66;969;0100
66;976;0100
66;980;0100
66;990;0002
66;1004;0100
66;1098;0001
66;1104;0001
66;1109;0001
66;1134;0001
66;1155;2120
66;1192;2222
66;1194;0011
66;1195;0001
66;1214;0010
66;1226;0001
67;43;0100
67;61;0001
67;148;2212
67;354;1000
67;370;1012
67;472;1220
67;473;0100
67;519;0100
67;724;1001
67;764;0001
67;842;0011
67;910;2120
67;914;2220
67;1234;0002
68;11;0100
68;64;1000
68;90;1112
68;135;0001
68;195;2220
68;206;2121
68;297;0001
68;327;0001
68;331;0001
68;341;1100
68;349;2212
68;358;1000
68;359;0001
68;370;1000
68;437;0010
68;438;1220
68;543;2222
68;546;1002
68;550;0001
68;607;0001
68;632;0001
68;734;1002
68;819;1000
68;826;0001
68;838;0001
68;882;0001
68;889;0002
68;904;1111
68;913;1000
68;944;0001
68;964;2120
68;969;0001
68;1000;0001
68;1003;2222
68;1040;0001
68;1046;0002
68;1048;1100
68;1093;0002
68;1099;2120
68;1134;0100
68;1149;0010
68;1150;0010
68;1164;1110
68;1172;1000
68;1234;0001
69;193;2222
69;326;0001
69;327;1001
69;359;2112
69;363;2122
69;370;1112
69;438;2122
69;550;0001
69;703;2222
69;724;0001
69;837;0001
69;907;2222
69;944;1101
69;1000;1102
69;1234;1101
70;17;0100
70;327;1001
70;340;2222
70;370;1112
70;438;1122
70;698;2222
70;722;0100
70;804;2222
70;837;0001
70;944;1101
70;952;0100
70;1000;1102
70;1009;2222
70;1032;2222
70;1104;2222
70;1232;0001
70;1234;1102
71;11;0010
71;56;1000
71;148;2222
71;327;1000
71;370;0001
71;547;0001
72;58;1011
72;250;1000
72;323;2220
72;333;0001
72;682;2122
72;683;2120
72;732;2222
72;733;0002
72;837;0001
72;941;0001
72;1000;0001
72;1019;0001
72;1125;0001
73;50;2222
73;224;1122
73;227;2222
73;359;2112
73;370;1111
73;438;1122
73;629;2220
73;630;2222
73;724;0001
73;806;2110
73;843;2222
73;844;2222
73;990;0001
73;1000;0001
73;1093;0002
73;1228;0010
73;1229;0010
73;1234;0001
74;148;2220
74;370;1000
74;724;1001
74;910;2122
74;914;2222
74;1000;0001
74;1093;0002
75;100;1000
75;241;0102
75;273;0011
75;316;2222
75;348;1010
75;354;1010
75;359;2110
75;370;1112
75;446;2222
75;519;1001
75;587;1010
75;597;1000
75;751;0110
75;757;0010
75;837;0001
75;944;1101
75;1043;1000
75;1047;1000
75;1110;1012
75;1234;0002
75;1235;0100
76;329;0001
76;330;0100
76;359;0101
76;370;0110
76;437;2212
76;438;1011
76;606;2222
76;731;0001
76;882;0001
76;889;0001
76;1007;1012
76;1023;0001
76;1039;0001
76;1048;1010
76;1080;0001
76;1134;0001
76;1188;1222
77;25;0101
77;27;2222
77;31;0010
77;50;0001
77;90;1212
77;128;0012
77;135;0101
77;148;0001
77;168;0001
77;195;2221
77;197;0001
77;224;1122
77;226;0001
77;227;1220
77;267;0001
77;297;0001
77;298;0001
77;321;0010
77;323;2222
77;326;0010
77;327;1212
77;329;1012
77;330;0102
77;333;0001
77;359;2112
77;370;1112
77;428;0001
77;437;1222
77;438;1222
77;542;1010
77;546;2222
77;550;0001
77;551;0001
77;558;0001
77;586;0001
77;592;0110
77;629;2222
77;630;2221
77;663;0001
77;722;0002
77;724;0001
77;729;0001
77;731;0002
77;734;2222
77;735;0002
77;754;2222
77;806;1000
77;826;0001
77;837;0001
77;839;0001
77;843;2122
77;844;2122
77;845;0002
77;879;0001
77;882;0002
77;889;0002
77;912;0001
77;937;0001
77;939;1112
77;941;0001
77;944;0002
77;963;1211
77;990;0002
77;1006;2222
77;1012;2222
77;1023;0001
77;1034;2222
77;1035;2222
77;1040;0001
77;1080;0001
77;1092;0002
77;1093;0002
77;1134;0001
77;1138;1122
77;1149;1112
77;1150;0112
77;1152;2122
77;1153;2122
77;1188;0001
77;1220;2222
77;1232;0001
77;1234;1102
78;61;0112
78;65;0100
78;82;0001
78;90;0100
78;93;0100
78;135;0010
78;146;1002
78;152;0011
78;159;1122
78;161;0010
78;179;0011
78;184;1000
78;188;0001
78;238;0100
78;253;1211
78;255;2212
78;265;0001
78;282;0002
78;315;0100
78;320;2222
78;321;0100
78;326;0100
78;330;0100
78;333;0100
78;359;0001
78;370;1011
78;373;2212
78;427;0101
78;438;0102
78;451;0001
78;452;1122
78;459;1220
78;460;1000
78;479;0100
78;556;0101
78;648;0010
78;663;0100
78;680;2222
78;686;1111
78;696;0001
78;718;0001
78;722;0001
78;724;0001
78;731;0001
78;734;0001
78;753;0100
78;800;0010
78;802;2221
78;838;0100
78;884;0001
78;889;0001
78;912;0100
78;944;0001
78;945;0100
78;1010;0011
78;1015;0001
78;1019;0100
78;1021;2222
78;1042;0002
78;1065;0100
78;1069;0001
78;1071;0012
78;1078;0002
78;1081;0011
78;1086;0002
78;1089;0002
78;1090;0002
78;1091;0112
78;1093;0002
78;1111;2222
78;1112;0100
78;1118;0001
78;1179;0111
78;1180;0111
78;1181;2222
78;1227;1010
78;1234;0101
79;65;0100
79;75;1000
79;123;1121
79;132;0001
79;135;0101
79;146;0002
79;148;0001
79;179;1000
79;184;1000
79;255;0100
79;315;0010
79;320;2220
79;330;0101
79;333;0001
79;359;1011
79;370;1000
79;373;1210
79;384;2210
79;427;0100
79;438;1121
79;452;0100
79;648;1211
79;650;2221
79;663;0100
79;826;1001
79;829;0001
79;838;0100
79;882;0001
79;912;0100
79;923;1210
79;944;1001
79;945;2210
79;1000;0001
79;1010;1000
79;1023;0001
79;1065;0100
79;1082;2120
79;1089;0001
79;1091;0101
79;1112;2222
79;1179;1100
79;1181;2222
79;1234;1100
80;61;1000
80;135;0100
80;152;0100
80;159;1100
80;238;1010
80;330;0001
80;333;0101
80;427;0100
80;438;0100
80;451;1000
80;452;0100
80;453;0100
80;458;2122
80;459;0100
80;460;2222
80;612;1000
80;663;0100
80;696;2220
80;722;0001
80;753;1212
80;800;1111
80;884;1000
80;912;0001
80;945;1101
80;1010;1000
80;1042;1101
80;1065;0100
80;1071;0101
80;1078;2122
80;1091;0100
80;1179;0100
80;1180;0100
80;1227;2222
80;1234;1101
81;31;0010
81;90;1011
81;93;0010
81;132;0001
81;135;0001
81;195;0001
81;253;0010
81;321;2222
81;326;1011
81;359;0001
81;370;1111
81;438;1121
81;542;2120
81;546;2212
81;550;0001
81;551;0001
81;586;0001
81;592;0010
81;729;0001
81;731;0001
81;734;2222
81;941;1001
81;944;0001
81;990;0002
81;1092;2220
81;1134;0001
81;1232;0001
81;1234;0001
82;25;2222
82;31;0002
82;90;2222
82;93;2222
82;132;0001
82;135;2122
82;148;0001
82;152;0002
82;159;1002
82;189;0001
82;195;0001
82;197;0001
82;238;0001
82;253;2112
82;297;0001
82;321;2222
82;326;2222
82;327;1012
82;330;0001
82;331;0001
82;333;0001
82;359;2112
82;370;1112
82;427;0001
82;438;2222
82;458;1010
82;542;2120
82;543;0012
82;546;2122
82;550;0001
82;551;0001
82;586;0001
82;592;0010
82;722;0001
82;724;0001
82;729;0001
82;731;0001
82;734;2122
82;826;1000
82;837;0001
82;845;0001
82;879;0001
82;882;0001
82;889;0001
82;904;0001
82;912;0001
82;937;0001
82;941;0011
82;944;0101
82;952;0001
82;963;2221
82;990;0001
82;1000;0001
82;1003;2220
82;1040;0001
82;1078;1000
82;1092;0001
82;1150;0001
82;1188;0001
82;1227;0001
82;1232;0001
82;1234;1102
83;18;2121
83;166;2221
83;187;0001
83;238;0100
83;366;0100
83;370;1011
83;394;0100
83;427;0100
83;430;0001
83;432;1212
83;447;1100
83;463;0001
83;501;0001
83;505;0101
83;517;0001
83;550;0001
83;590;0011
83;609;1000
83;668;0001
83;767;0002
83;905;0001
83;912;0001
83;988;0100
83;989;0100
83;1074;0100
83;1077;0101
83;1091;0100
83;1102;1120
83;1143;1220
83;1170;0100
83;1171;0100
83;1203;1212
84;8;0102
84;160;2221
84;333;0100
84;346;1000
84;384;1000
84;555;1000
84;590;0010
84;778;0010
84;837;0001
84;912;0001
84;922;1001
84;952;0100
84;986;1100
84;1086;0001
84;1112;1001
84;1179;0001
85;29;1212
85;58;0112
85;88;1000
85;98;0001
85;179;0002
85;200;1002
85;202;1121
85;250;0100
85;370;1001
85;427;0002
85;432;1000
85;438;0001
85;469;0001
85;475;2120
85;589;1000
85;590;0001
85;724;0001
85;732;0001
85;733;0001
85;888;0001
85;912;0001
85;941;0001
85;969;0001
85;982;2120
85;983;0100
85;1018;2222
85;1019;0100
85;1022;0001
85;1036;0001
85;1065;0001
85;1118;2222
86;8;2221
86;61;0002
86;85;0100
86;110;1211
86;135;0101
86;148;1212
86;152;1002
86;160;0112
86;200;0001
86;238;0110
86;271;2212
86;330;0011
86;346;2111
86;370;1011
86;384;1000
86;427;0001
86;505;0101
86;554;2222
86;555;0001
86;577;1000
86;586;0001
86;590;2211
86;722;1011
86;731;0001
86;763;0101
86;769;1110
86;922;0001
86;944;0101
86;945;0101
86;952;0001
86;983;2110
86;990;0002
86;1000;0101
86;1015;0001
86;1033;0001
86;1071;0001
86;1077;0100
86;1086;0001
86;1090;0001
86;1091;0011
86;1112;0001
86;1118;0001
86;1173;1100
86;1181;0001
86;1227;0001
86;1232;0001
86;1234;0001
87;187;2222
87;223;1001
87;228;2222
87;229;2222
87;333;0101
87;369;2222
87;370;1111
87;382;0100
87;394;0001
87;401;1100
87;432;2122
87;438;1102
87;485;0001
87;513;0101
87;550;0101
87;590;1012
87;631;1001
87;632;0001
87;668;0001
87;722;0001
87;812;0101
87;819;1001
87;833;0001
87;860;1210
87;945;0100
87;990;0001
87;1005;2222
87;1007;0100
87;1015;2221
87;1025;0100
87;1032;0100
87;1060;2120
87;1071;0101
87;1134;0101
87;1163;0001
87;1169;0001
87;1180;0001
87;1234;0001
88;370;1011
88;443;0002
88;457;2222
88;590;1012
88;614;2220
88;668;0001
88;678;0110
88;679;0110
88;702;0100
88;945;0100
88;990;0001
88;1091;1211
88;1134;0001
88;1144;0100
89;79;1210
89;152;0002
89;176;2221
89;177;0110
89;179;0001
89;260;2212
89;265;0002
89;370;1000
89;469;2222
89;479;1000
89;590;0010
89;706;1100
89;778;0100
89;905;1210
89;912;1101
89;1065;0100
89;1086;0001
90;7;1222
90;160;0001
90;161;0001
90;176;1222
90;177;2212
90;200;1122
90;260;1012
90;265;2212
90;370;1000
90;451;2122
90;479;1120
90;505;0001
90;589;0001
90;590;2222
90;763;0001
90;778;0110
90;874;0001
90;884;2222
90;912;1212
90;987;0100
90;1065;0100
90;1071;0001
90;1086;1211
90;1089;0001
90;1090;1210
90;1091;0112
90;1234;0001
90;1238;0010
91;1;0001
91;3;0002
91;4;0002
91;8;0001
91;9;0001
91;11;0101
91;13;0001
91;15;0102
91;17;0101
91;21;0100
91;29;1211
91;30;0100
91;32;0001
91;33;0001
91;40;0002
91;41;0001
91;45;0001
91;46;0101
91;50;0001
91;56;0001
91;57;2212
91;58;1212
91;59;1211
91;60;0001
91;69;2111
91;78;0001
91;88;2221
91;92;0001
91;94;0001
91;95;2222
91;97;2222
91;98;2211
91;100;0002
91;103;1012
91;105;1012
91;109;1012
91;115;1002
91;116;1012
91;118;0002
91;119;1012
91;121;0001
91;122;0001
91;124;0001
91;128;0001
91;134;0001
91;135;0001
91;139;1211
91;147;0001
91;163;0001
91;166;0001
91;170;0001
91;173;0001
91;174;1211
91;181;0001
91;182;2222
91;183;2220
91;186;2220
91;189;0010
91;199;0102
91;202;1120
91;204;1210
91;211;0100
91;226;0001
91;237;0001
91;240;2220
91;241;0012
91;242;0001
91;243;0001
91;244;0001
91;248;0001
91;250;2122
91;256;0001
91;259;0001
91;261;0001
91;263;0001
91;264;0001
91;265;0001
91;266;2212
91;267;2222
91;268;0100
91;272;0001
91;274;0100
91;275;0001
91;276;0001
91;278;0001
91;279;0001
91;281;0001
91;283;0001
91;286;0001
91;287;0001
91;294;2122
91;297;1001
91;300;0100
91;301;0010
91;314;2210
91;317;1220
91;322;2221
91;331;0001
91;333;0001
91;339;1111
91;348;0002
91;351;0110
91;352;0110
91;353;2122
91;354;0011
91;355;0010
91;359;1011
91;361;0110
91;362;2122
91;364;2220
91;370;2212
91;376;2221
91;381;2221
91;385;1221
91;392;0001
91;395;2121
91;396;2211
91;398;0011
91;405;0001
91;412;0002
91;413;2222
91;416;0100
91;422;2221
91;423;1100
91;426;0001
91;428;0100
91;431;0001
91;434;1002
91;443;1001
91;454;0100
91;455;0100
91;466;1210
91;468;2222
91;473;0001
91;474;2120
91;475;2221
91;478;1120
91;485;0100
91;486;0012
91;489;0100
91;508;0101
91;512;0011
91;538;0001
91;545;0110
91;549;0100
91;550;1212
91;551;0001
91;552;2112
91;553;0001
91;559;0101
91;562;0001
91;579;2110
91;582;0001
91;586;0001
91;594;1211
91;598;2121
91;601;0101
91;603;2012
91;611;1210
91;615;2121
91;626;0001
91;641;1111
91;642;0100
91;643;0001
91;648;0001
91;659;0100
91;667;0001
91;673;0100
91;682;2210
91;683;2210
91;684;1220
91;688;0100
91;690;0101
91;694;0100
91;695;1210
91;700;2222
91;704;0001
91;714;0110
91;719;0001
91;720;0102
91;722;2222
91;724;0101
91;725;0001
91;727;0001
91;728;2222
91;729;0001
91;731;0002
91;732;2222
91;733;2122
91;735;0001
91;751;0002
91;752;1111
91;756;2222
91;759;2122
91;762;0001
91;763;2112
91;764;1102
91;767;0001
91;768;0010
91;770;2222
91;771;0001
91;772;0102
91;773;0001
91;779;0001
91;781;2122
91;782;0001
91;784;1102
91;787;2122
91;788;0001
91;791;1001
91;794;1000
91;796;1220
91;797;2112
91;798;1100
91;799;1110
91;801;2122
91;803;2220
91;808;2122
91;809;0001
91;822;2122
91;833;2112
91;834;0100
91;835;0100
91;836;1010
91;838;0001
91;844;0002
91;854;0001
91;859;2122
91;866;0001
91;867;0001
91;868;0001
91;870;2221
91;872;0102
91;875;0001
91;880;0001
91;882;0001
91;883;0100
91;888;1002
91;893;2122
91;894;0001
91;896;0001
91;897;1000
91;900;1120
91;906;0001
91;913;0001
91;914;1000
91;935;0011
91;941;1001
91;944;0001
91;947;0001
91;965;2122
91;974;2221
91;982;1001
91;985;1122
91;990;1002
91;992;0001
91;993;0001
91;997;2222
91;998;2212
91;1000;2122
91;1018;2122
91;1019;0002
91;1023;0001
91;1033;0001
91;1040;0001
91;1041;0001
91;1043;0002
91;1047;0002
91;1051;0001
91;1054;0002
91;1056;0002
91;1057;0002
91;1058;0002
91;1063;0001
91;1080;0002
91;1085;0001
91;1091;0001
91;1093;0002
91;1095;2222
91;1097;2220
91;1098;1221
91;1103;1000
91;1106;0100
91;1107;0100
91;1108;0100
91;1115;0001
91;1116;0001
91;1118;2212
91;1119;0002
91;1125;1210
91;1134;0100
91;1177;2122
91;1184;2221
91;1186;0001
91;1189;2222
91;1191;0101
91;1192;0001
91;1216;2222
91;1217;2222
91;1219;2222
91;1226;2222
91;1232;0001
91;1234;1001
91;1235;0102
92;17;0001
92;43;0001
92;111;0001
92;130;1000
92;135;1102
92;136;0001
92;148;0002
92;181;0001
92;185;1000
92;189;0001
92;193;1000
92;200;0001
92;213;2111
92;226;0012
92;238;1012
92;258;2222
92;333;1002
92;342;0100
92;354;2110
92;370;1102
92;377;1010
92;392;0001
92;429;0001
92;434;0100
92;446;0001
92;465;0011
92;472;2222
92;473;2221
92;479;0100
92;489;1121
92;492;0001
92;503;0001
92;510;0001
92;514;1010
92;550;1100
92;559;0011
92;586;0002
92;596;0001
92;599;2111
92;607;0001
92;611;2110
92;643;0001
92;653;0001
92;661;2222
92;671;1000
92;687;1000
92;692;0010
92;705;2210
92;722;2222
92;724;1111
92;729;0001
92;731;0002
92;735;0001
92;763;1001
92;764;1001
92;767;0001
92;778;1011
92;783;2122
92;788;0100
92;804;0001
92;806;0001
92;822;0100
92;824;0001
92;826;0010
92;837;0001
92;838;0001
92;839;0001
92;842;2111
92;845;0002
92;856;0001
92;858;0011
92;859;0001
92;879;1122
92;883;0001
92;888;0001
92;889;0001
92;908;0100
92;910;1100
92;914;1210
92;915;0100
92;926;0100
92;930;0101
92;934;1110
92;940;0001
92;941;1001
92;944;0001
92;946;0001
92;952;2222
92;990;1002
92;1000;2122
92;1014;0001
92;1023;0002
92;1031;0100
92;1033;1111
92;1040;0001
92;1066;0001
92;1071;0001
92;1093;0002
92;1147;2222
92;1151;0001
92;1186;0001
92;1188;0001
92;1192;1100
92;1195;2122
92;1226;0001
92;1227;0001
92;1232;1121
92;1234;2122
92;00093;00018
92;113;2212
92;145;2222
92;180;2122
92;272;2222
92;422;0001
92;467;1010
92;489;0011
92;550;0001
92;586;1002
92;722;0001
92;724;0001
92;873;0001
92;999;0002
92;1000;0002
92;1020;0002
92;1023;0001
92;1033;0002
92;1233;0001
94;78;0011
94;114;0002
94;122;0001
94;123;0001
94;137;0001
94;192;0001
94;209;0011
94;270;0002
94;277;0002
94;282;0001
94;309;2122
94;311;2122
94;322;0001
94;359;0001
94;370;1010
94;400;0001
94;435;0001
94;436;0001
94;440;2222
94;442;0001
94;494;2222
94;498;1212
94;504;0001
94;505;0001
94;533;0001
94;536;2222
94;571;0002
94;742;2222
94;745;2222
94;789;1010
94;955;2122
94;1016;0002
94;1091;0002
94;1092;0002
94;1121;1122
94;1143;2122
94;1156;1121
94;1158;0001
94;1197;2122
94;1199;2122
94;1200;0001
94;1204;2222
94;1223;1121
95;12;0001
95;30;2112
95;43;0100
95;192;0002
95;257;1000
95;322;0100
95;603;2120
95;606;2120
95;1097;0001
96;9;0001
96;40;1001
96;43;0100
96;75;2212
96;454;2222
96;455;2222
96;520;1001
96;526;0011
96;527;0001
96;673;2222
96;883;0010
96;1087;0001
97;52;0100
97;68;1000
97;135;0001
97;140;0101
97;190;0001
97;392;0001
97;416;1001
97;538;0001
97;539;2222
97;751;2210
97;757;2222
98;145;2221
98;180;2120
98;270;0001
98;272;2210
98;362;0002
98;467;0010
98;595;0010
98;667;0002
98;728;2222
98;782;2122
98;787;1011
98;985;2110
98;1018;0100
98;1019;1000
98;1118;0101
99;268;2222
99;324;2222
99;449;2122
99;992;1220
99;1191;1001
100;59;0101
100;183;2222
100;370;1211
100;579;2222
100;803;1100
100;833;0110
100;1000;1212
100;1017;2212
100;1033;0001
100;1097;1100
100;1232;0101
